{
  "jsonrpc": "2.0",
  "id": 1,
  "result": {
    "baseFeePerGas": [
      "0x5d21dba00",
      "0x5d21dba00",
      "0x5d21dba00",
      "0x5d21dba00",
      "0x5d21dba00"
    ],
    "gasUsedRatio": [
      0.020916733333333333,
      0.0368926,
      0.0142916,
      0.013999533333333333,
      0.0479244
    ]
  }
}
